execution_date,execution_block,ilk,usds_debt_added,deployed_spell,done_before,done_after,source
2025-09-22,23419023,ALLOCATOR-BLOOM-A,4788407,0x98B876F9E8Aa2d32A85042F5fe8E860d3a7B8d3B,0,1,https://github.com/sky-ecosystem/spells-mainnet/blob/50ea24e8605a31e283100b9f59f873404d939b87/archive/2025-09-18-DssSpell/DssSpell.sol
2025-10-20,23619444,ALLOCATOR-BLOOM-A,6382973,0xf3d37a2508d269b8328026f72D65795730Ce07b6,0,1,https://github.com/sky-ecosystem/spells-mainnet/blob/50ea24e8605a31e283100b9f59f873404d939b87/archive/2025-10-16-DssSpell/DssSpell.sol
2025-12-01,23919087,ALLOCATOR-BLOOM-A,4196768,0xa57d885d8FB034455aADb8c3F3D5414c214cBe3d,0,1,https://github.com/sky-ecosystem/spells-mainnet/blob/50ea24e8605a31e283100b9f59f873404d939b87/archive/2025-11-27-DssSpell/DssSpell.sol
2026-02-02,24369632,ALLOCATOR-BLOOM-A,14311822,0x4d99868F6D4d2545EbFf3a1385efE31C06d3A472,0,1,https://github.com/sky-ecosystem/spells-mainnet/blob/50ea24e8605a31e283100b9f59f873404d939b87/archive/2026-01-29-DssSpell/DssSpell.sol
2026-03-02,24570218,ALLOCATOR-BLOOM-A,6205320,0x4C56b1B1554B1230349d66F665814641A609C569,0,1,https://github.com/sky-ecosystem/spells-mainnet/blob/50ea24e8605a31e283100b9f59f873404d939b87/archive/2026-02-26-DssSpell/DssSpell.sol
2026-03-30,24772796,ALLOCATOR-BLOOM-A,6346829,0x415396C98A5B42C0D97E4E80cB5C9079369Ea4D8,0,1,https://github.com/sky-ecosystem/spells-mainnet/blob/50ea24e8605a31e283100b9f59f873404d939b87/archive/2026-03-26-DssSpell/DssSpell.sol
2026-04-27,24971851,ALLOCATOR-BLOOM-A,6290684,0x06851b5235Cefb29C60EF3b29EB1f661D960B125,0,1,https://github.com/sky-ecosystem/spells-mainnet/blob/50ea24e8605a31e283100b9f59f873404d939b87/archive/2026-04-23-DssSpell/DssSpell.sol
2026-05-11,25072324,ALLOCATOR-BLOOM-A,9385986,0xA0059DaDd7Fbdbc81a9bb9d1d17cCB029b6AF596,0,1,https://github.com/sky-ecosystem/spells-mainnet/blob/50ea24e8605a31e283100b9f59f873404d939b87/archive/2026-05-07-DssSpell/DssSpell.sol
2026-06-22,25373623,ALLOCATOR-BLOOM-A,8877823,0xC136C3c419746c2e8c0B95100ac866a747e3e04b,0,1,https://github.com/sky-ecosystem/spells-mainnet/blob/50ea24e8605a31e283100b9f59f873404d939b87/archive/2026-06-18-DssSpell/DssSpell.sol
2026-07-20,25574490,ALLOCATOR-BLOOM-A,12342158,0xfffc346976c53757BcF7a536be340bc0Ce1d9163,0,1,https://github.com/sky-ecosystem/spells-mainnet/blob/50ea24e8605a31e283100b9f59f873404d939b87/archive/2026-07-16-DssSpell/DssSpell.sol
2026-08-17,25775271,ALLOCATOR-BLOOM-A,9685438,0xB26b9d89776aa9E74ddA0e86e916413def03F59b,0,1,https://github.com/sky-ecosystem/spells-mainnet/blob/50ea24e8605a31e283100b9f59f873404d939b87/archive/2026-08-13-DssSpell/DssSpell.sol
