status,request_dates_utc,request_transactions,requested_buidl,payment_date_utc,payment_transaction,received_usdc,shortfall_usd,extra_beyond_5bps_usd,max_lag_hours,payment_after_august_pin
inferred_candidate,2025-08-04 16:22:35+00:00,0x5ebafa5e7253ffaa7e1f596d197258c68f7648b935f538e4d73380f710b072bb,100000000,2025-08-04 19:55:23+00:00,0x092c6464116cc908dacb4f71e4a64b72a9fa6a4368a92b774490b2d59625aa79,99949998.438074,50001.561926,1.561926,3.546666666666666666666666667,False
inferred_candidate,2025-09-02 15:18:59+00:00,0xb91127cd37947c01b60e8f0d8162d6ca56f11dda198f2d1a372dc84ad8f96390,50000000,2025-09-02 19:29:23+00:00,0x8294ca481adbb8053752f10aeb58d69045304c20c55823dfcc18d4b07c741d07,49974998.364591,25001.635409,1.635409,4.173333333333333333333333333,False
inferred_candidate,2025-09-03 15:11:59+00:00,0xea90a573a7d667637a5f4b1daec2916b524662b8f27450fbc6641e5d7520a6c3,100000000,2025-09-03 18:22:35+00:00,0x88ed070bd1bbc10140d8faf4094b5e6213acfeeb302adfd04130b06b6f795192,99949997.217881,50002.782119,2.782119,3.176666666666666666666666667,False
inferred_candidate,2025-09-15 19:12:35+00:00,0x97c7f42781d6b2bc395fc3782906473ac024ebb6eaaba7ca7e31609bf6085581,50000000,2025-09-16 18:04:47+00:00,0x51418b4e19e5c0722e087ba42a0d8a6226f07e4bed7fb235ef5b3f7646e52253,49974997.18334,25002.81666,2.81666,22.87,False
inferred_candidate,2025-09-18 15:05:35+00:00,0x1e4938d5374609a1f359614ac88e2e5b8e74c0ba3ea9fb64c6f5bfe8c05e76a8,50000000,2025-09-18 18:51:47+00:00,0xee4b9bf42fe1dc061fb63eca1095779c1ed152ef6c2778542f47f5251a2197cd,49974997.039649,25002.960351,2.960351,3.77,False
inferred_candidate,2025-12-16 18:13:59+00:00,0xf8f733ce12a56f7b80c6e7a0a53f1f030d73c71edd95141b0214b4e7427eb270,85000000,2025-12-16 21:06:35+00:00,0x08b74c7ef07d8b02fadc2de4319de31f3451a81204d7cf3acdda16dce4d750b1,84957497.621275,42502.378725,2.378725,2.876666666666666666666666667,False
inferred_candidate,2026-05-11 16:58:47+00:00,0x537abb8bb2b8d19915fe537e61318d9cc7f9dc75715f488195e73cb7d54deb43,1000,2026-05-11 20:36:23+00:00,0xdc1aa10a9c4640e56b6e994202afa6943982effd7a9314948940227fe03fcd17,999.155174,0.844826,0.344826,3.626666666666666666666666667,False
inferred_candidate,2026-05-11 18:07:47+00:00,0x14ccdfcba029e7586617fb66f40ac2538e972ce9f8870a2c009dce9a7dbb2666,24999000,2026-05-11 21:14:47+00:00,0x59cb4ecd880fa16ad2dac52039e337924285d5fc9960f9d3727e6a42f1e0b758,24986500.170796,12499.829204,0.329204,3.116666666666666666666666667,False
inferred_candidate,2026-05-13 13:43:11+00:00,0xd0b83c528f99593bfdc8f719cc30ac22b6e1d8755fe897dbe5dd9d054961f303,25000000,2026-05-13 15:32:59+00:00,0x60ab5321cd03c36b8ab2b5dc811f9c5ed9c3d59ed122e29213abf6c7f8b342a4,24987499.554511,12500.445489,0.445489,1.83,False
inferred_candidate,2026-05-14 14:17:47+00:00,0x96bd746e8957402cd4678d04c8761c0e743bee759d02c8b9da3f183c4ea278ac,25000000,2026-05-14 16:53:35+00:00,0xe580ef3f4ebc1759a00363da04f66ec63cb2d72b6452c77a429a499dae1e1e54,24987499.468125,12500.531875,0.531875,2.596666666666666666666666667,False
inferred_candidate,2026-05-15 16:01:47+00:00,0xc53a837759ef79d19ee20c2b2f643241eac61a14806a6e9d7d6be83d1c48a2fc,25000000,2026-05-15 17:50:23+00:00,0xe9d91f1cd47d93adc245eaeefc74d87f594363fb6566897425c10fc4812d01e5,24987498.885391,12501.114609,1.114609,1.81,False
inferred_candidate,2026-05-18 20:41:35+00:00; 2026-05-18 21:11:47+00:00,0xf3f19f66d95b13ffd08ef4426cb36fd0af39ddca7f3c7ef3c4420a69d318ad88; 0xf0955f497f5facec4767afc00dab1f861e89a926861af0764e75c20b5917c56c,25000000,2026-05-19 19:02:23+00:00,0xcad8539ef72b895aed5a71837947ed3e66c10381e4c5fb21507c5dfe02ec95e4,24987499.637978,12500.362022,0.362022,22.34666666666666666666666667,False
inferred_candidate,2026-05-19 19:30:35+00:00,0xd9dc02e095a39c82387556037220ce04949c6aab3bac36f2e7a9f11bf2466095,25000000,2026-05-20 16:08:59+00:00,0x814240fa5ea43f6d4036a2f637b68adff0377c5d03e99d62f2bee222c3d91528,24987499.678679,12500.321321,0.321321,20.64,False
inferred_candidate,2026-05-20 16:48:35+00:00,0x9fb094fb681f06aca903d8c9e857e8bfef02ccc5f16fae4cd2769e6180d08409,25000000,2026-05-20 17:47:11+00:00,0xf0568c81533b2997beb488b938372e337be7f87057e605e6e1c13fae6119f565,24987499.70803,12500.29197,0.29197,0.9766666666666666666666666667,False
inferred_candidate,2026-05-21 15:56:35+00:00,0x1d8df0c5200c04d48bf892c09fe13f8b8015192ab151449cd464d51c65d200b7,25000000,2026-05-21 17:38:11+00:00,0x0446bbfdf149de998df69cc2d3a5fcf25105b93962602f783a1af4dac0cc61b7,24987499.668857,12500.331143,0.331143,1.693333333333333333333333333,False
inferred_candidate,2026-05-22 15:14:35+00:00,0x683474fae1f3df0f4a75081b861fb3e086a3ee25a3afc07720585f59d07a437b,25000000,2026-05-22 16:46:47+00:00,0x1a0abd10b79256a7a5d28989996151574462525a041c1a6e20e163a185d30299,24987499.717714,12500.282286,0.282286,1.536666666666666666666666667,False
inferred_candidate,2026-05-26 14:57:59+00:00; 2026-05-26 15:10:59+00:00,0x5d2011bd9198db2590944df1ab0437e01ecbe795aa0cdfcf67e5535e759f61fc; 0xb4982c9f006f67e0e69048a36397541bbc77fa2fca794dff72d303db42262be3,25000000,2026-05-26 17:31:59+00:00,0x5a6d173cbbfc322fa73f2a33d0c33320f76a775f8cd3092811301615817d94c3,24987499.676321,12500.323679,0.323679,2.566666666666666666666666667,False
inferred_candidate,2026-05-27 15:54:11+00:00,0x6ac000ce7674163a1ee7fde42edd26d1b1c5ac70230d45a84722d0370a896d5a,25000000,2026-05-27 17:31:11+00:00,0x8acf8ab8ae35049b05472f32a2b1c9b08ce162e76bfc2df4add330749728c784,24987499.698979,12500.301021,0.301021,1.616666666666666666666666667,False
inferred_candidate,2026-08-24 20:39:59+00:00; 2026-08-24 21:01:59+00:00,0x67cd3365f382cb2af15cf4ec1cb9678ac4f198a8b5020f0bb8f6ea42ba821044; 0x2efe04eb28c6d81786458cf37cede3faee4c2d08d5f342f52d45febe343dff2e,50000000,2026-08-25 16:04:35+00:00,0xe002ca1d23acd56c8ae369786fe452e696821f0ed45b555893a02d18481e659c,49974999.629718,25000.370282,0.370282,19.41,False
inferred_candidate,2026-08-31 18:30:11+00:00,0xdda24bdee3ca92374c0332d983149042b00a3a197b670997699ec45fd20ba373,1000,2026-08-31 22:30:47+00:00,0xe149e31a975facc1e65a0582cc0e6a2d50b7fd056fc0618667bf3de5f7629908,999.178498,0.821502,0.321502,4.01,False
inferred_candidate,2026-08-31 19:08:11+00:00,0xf4b2dc1e714c807cb7f4a5fcaaf80ae2a12182db5c82a244879cc245ccd11c35,24999000,2026-09-01 15:11:47+00:00,0x5add7249801ed90f803a6cdfec0c9a6d4fc5f5b3343ee50fa9f9ed4b833cb8cf,24986500.153219,12499.846781,0.346781,20.06,True
