executed,amount_usds,block,normalized_dart,vat_rate,spell,done_before,done_after,source
2025-09-22,1603952,23419023,1534426417529300130303932,1045310470203353538792275155,0x98B876F9E8Aa2d32A85042F5fe8E860d3a7B8d3B,0,1,https://github.com/sky-ecosystem/spells-mainnet/blob/50ea24e8605a31e283100b9f59f873404d939b87/archive/2025-09-18-DssSpell/DssSpell.sol
2025-10-20,16931086,23619444,16197183977987176689818067,1045310470203353538792275155,0xf3d37a2508d269b8328026f72D65795730Ce07b6,0,1,https://github.com/sky-ecosystem/spells-mainnet/blob/50ea24e8605a31e283100b9f59f873404d939b87/archive/2025-10-16-DssSpell/DssSpell.sol
2025-12-01,16332535,23919087,15624578023046766925502459,1045310470203353538792275155,0xa57d885d8FB034455aADb8c3F3D5414c214cBe3d,0,1,https://github.com/sky-ecosystem/spells-mainnet/blob/50ea24e8605a31e283100b9f59f873404d939b87/archive/2025-11-27-DssSpell/DssSpell.sol
2026-02-02,25547255,24369632,24439872868612963729842141,1045310470203353538792275155,0x4d99868F6D4d2545EbFf3a1385efE31C06d3A472,0,1,https://github.com/sky-ecosystem/spells-mainnet/blob/50ea24e8605a31e283100b9f59f873404d939b87/archive/2026-01-29-DssSpell/DssSpell.sol
2026-03-02,8079210,24570218,7729005142776652235074881,1045310470203353538792275155,0x4C56b1B1554B1230349d66F665814641A609C569,0,1,https://github.com/sky-ecosystem/spells-mainnet/blob/50ea24e8605a31e283100b9f59f873404d939b87/archive/2026-02-26-DssSpell/DssSpell.sol
2026-03-30,7746811,24772796,7411014450561223198537069,1045310470203353538792275155,0x415396C98A5B42C0D97E4E80cB5C9079369Ea4D8,0,1,https://github.com/sky-ecosystem/spells-mainnet/blob/50ea24e8605a31e283100b9f59f873404d939b87/archive/2026-03-26-DssSpell/DssSpell.sol
2026-04-27,7662339,24971851,7330204009636847007349905,1045310470203353538792275155,0x06851b5235Cefb29C60EF3b29EB1f661D960B125,0,1,https://github.com/sky-ecosystem/spells-mainnet/blob/50ea24e8605a31e283100b9f59f873404d939b87/archive/2026-04-23-DssSpell/DssSpell.sol
2026-05-11,9179021,25072324,8781143269534383829043838,1045310470203353538792275155,0xA0059DaDd7Fbdbc81a9bb9d1d17cCB029b6AF596,0,1,https://github.com/sky-ecosystem/spells-mainnet/blob/50ea24e8605a31e283100b9f59f873404d939b87/archive/2026-05-07-DssSpell/DssSpell.sol
2026-06-22,13427874,25373623,12845823688523617575778310,1045310470203353538792275155,0xC136C3c419746c2e8c0B95100ac866a747e3e04b,0,1,https://github.com/sky-ecosystem/spells-mainnet/blob/50ea24e8605a31e283100b9f59f873404d939b87/archive/2026-06-18-DssSpell/DssSpell.sol
2026-07-20,16923682,25574490,16190100914905870679311038,1045310470203353538792275155,0xfffc346976c53757BcF7a536be340bc0Ce1d9163,0,1,https://github.com/sky-ecosystem/spells-mainnet/blob/50ea24e8605a31e283100b9f59f873404d939b87/archive/2026-07-16-DssSpell/DssSpell.sol
2026-08-17,9465419,25775271,9055126940571644606622460,1045310470203353538792275155,0xB26b9d89776aa9E74ddA0e86e916413def03F59b,0,1,https://github.com/sky-ecosystem/spells-mainnet/blob/50ea24e8605a31e283100b9f59f873404d939b87/archive/2026-08-13-DssSpell/DssSpell.sol
