month,blockchain,token,ref_code,dr_usd,source
2026-09-01,arbitrum,sUSDC,0,6.180182665211402e-05,susds_susdc
2026-09-01,arbitrum,sUSDC,127,139.51770055979404,susds_susdc
2026-09-01,arbitrum,sUSDC,128,44106.27160540276,susds_susdc
2026-09-01,arbitrum,sUSDC,182,3.156191599693895e-06,susds_susdc
2026-09-01,arbitrum,sUSDC,190,0.001367739338283629,susds_susdc
2026-09-01,arbitrum,sUSDC,194,1.4813709357388976,susds_susdc
2026-09-01,arbitrum,sUSDC,196,0.09966029003450881,susds_susdc
2026-09-01,arbitrum,sUSDC,200,1.5038457937466007e-05,susds_susdc
2026-09-01,arbitrum,sUSDC,204,0.02795399442561099,susds_susdc
2026-09-01,arbitrum,sUSDC,555,0.0016850121319831781,susds_susdc
2026-09-01,arbitrum,sUSDC,1004,0.0018045422961986302,susds_susdc
2026-09-01,arbitrum,sUSDC,1017,0.09063836918137139,susds_susdc
2026-09-01,arbitrum,sUSDC,3006,2.682241949157192e-05,susds_susdc
2026-09-01,arbitrum,sUSDS,1,570.9027682965581,psm3
2026-09-01,arbitrum,sUSDS,2,2.3863824980269826e-15,psm3
2026-09-01,arbitrum,sUSDS,99,12131.004317725956,psm3
2026-09-01,arbitrum,sUSDS,128,2570.448321204369,psm3
2026-09-01,arbitrum,sUSDS,129,6.896369426407667e-19,psm3
2026-09-01,arbitrum,sUSDS,171,0.00011008328774770654,psm3
2026-09-01,arbitrum,sUSDS,184,3.5436777760410003e-07,psm3
2026-09-01,arbitrum,sUSDS,3000,11.324314889768425,psm3
2026-09-01,arbitrum,sUSDS,3333,0.004522486606256314,psm3
2026-09-01,arbitrum,sUSDS,10000,60.03580318092682,psm3
2026-09-01,arbitrum,sUSDS,10001,44247.49389366458,psm3
2026-09-01,avalanche_c,spUSDC,128,1324.1975872999128,sp
2026-09-01,avalanche_c,spUSDC,131,0.19391600038633489,sp
2026-09-01,avalanche_c,spUSDC,190,0.009083292006445483,sp
2026-09-01,avalanche_c,spUSDC,191,27.4775224310029,sp
2026-09-01,avalanche_c,spUSDC,198,1.4955597449046184e-05,sp
2026-09-01,base,sUSDC,0,0.04095920921994282,susds_susdc
2026-09-01,base,sUSDC,127,73.82446129782498,susds_susdc
2026-09-01,base,sUSDC,128,900.0611029631309,susds_susdc
2026-09-01,base,sUSDC,129,30.196046186667566,susds_susdc
2026-09-01,base,sUSDC,182,0.009603468048010424,susds_susdc
2026-09-01,base,sUSDC,200,3.546911317328307e-05,susds_susdc
2026-09-01,base,sUSDC,204,0.044166152925734684,susds_susdc
2026-09-01,base,sUSDC,206,0.0003324787886806867,susds_susdc
2026-09-01,base,sUSDC,1004,0.0035083966314306144,susds_susdc
2026-09-01,base,sUSDC,1017,0.3476047293500647,susds_susdc
2026-09-01,base,sUSDC,3006,7.956942456819078e-05,susds_susdc
2026-09-01,base,sUSDS,1,211.84732507326686,psm3
2026-09-01,base,sUSDS,2,4.840939253669216e-19,psm3
2026-09-01,base,sUSDS,99,335.4904072275275,psm3
2026-09-01,base,sUSDS,128,399.5279550845053,psm3
2026-09-01,base,sUSDS,129,0.053272601822209165,psm3
2026-09-01,base,sUSDS,170,5.432605907751483e-06,psm3
2026-09-01,base,sUSDS,171,0.0007302304770956097,psm3
2026-09-01,base,sUSDS,184,0.00016567044111173926,psm3
2026-09-01,base,sUSDS,200,1.4427541361478816e-06,psm3
2026-09-01,base,sUSDS,204,0.015480036879466991,psm3
2026-09-01,base,sUSDS,1015,2.554093243769612e-05,psm3
2026-09-01,base,sUSDS,1017,0.005397706494508763,psm3
2026-09-01,base,sUSDS,3000,19.407426952717145,psm3
2026-09-01,base,sUSDS,3001,0.0004765300777125641,psm3
2026-09-01,base,sUSDS,3123,0.001953994957297161,psm3
2026-09-01,base,sUSDS,3333,0.0012011793195244131,psm3
2026-09-01,base,sUSDS,9998,8.691425036628132e-05,psm3
2026-09-01,base,sUSDS,10000,2.4540259918384035,psm3
2026-09-01,base,sUSDS,10001,1004.527899921127,psm3
2026-09-01,ethereum,USDS,1998,5262.771706106446,skybase_flagship
2026-09-01,ethereum,USDS,1999,20.64965082704819,skybase_risk_capital
2026-09-01,ethereum,USDS,4001,1076.3747994723158,usds_ref4001
2026-09-01,ethereum,USDS,9001,1497.6704875824303,usds_aave
2026-09-01,ethereum,USDS-CLE,-999999,335.8467374455517,farms
2026-09-01,ethereum,USDS-CLE,0,0.7004614397456064,farms
2026-09-01,ethereum,USDS-CLE,1,2006.0695879354128,farms
2026-09-01,ethereum,USDS-CLE,128,569.0540861352438,farms
2026-09-01,ethereum,USDS-CLE,1001,12.088722948368325,farms
2026-09-01,ethereum,USDS-CLE,1002,5.71177038322247,farms
2026-09-01,ethereum,USDS-GROVE,-999999,292.16063387317837,farms
2026-09-01,ethereum,USDS-GROVE,1,27321.82214869867,farms
2026-09-01,ethereum,USDS-GROVE,1002,124.96751476760438,farms
2026-09-01,ethereum,USDS-GROVE,2009,549.8117312472126,farms
2026-09-01,ethereum,USDS-SKY,-999999,1320.1326528578434,farms
2026-09-01,ethereum,USDS-SKY,0,0.08212775962703771,farms
2026-09-01,ethereum,USDS-SKY,1,189.84486278943766,farms
2026-09-01,ethereum,USDS-SKY,128,40.95043382732176,farms
2026-09-01,ethereum,USDS-SKY,303,3.186284378197333e-16,farms
2026-09-01,ethereum,USDS-SKY,1001,5.489923923305564,farms
2026-09-01,ethereum,USDS-SKY,1002,0.1272496634109863,farms
2026-09-01,ethereum,USDS-SKY,1007,0.1798775927246437,farms
2026-09-01,ethereum,USDS-SKY,1016,9.723768244010416e-21,farms
2026-09-01,ethereum,USDS-SKY,13425,2.010112894366199,farms
2026-09-01,ethereum,USDS-SPK,-999999,27.87578002012546,farms
2026-09-01,ethereum,USDS-SPK,0,5.81214597541157,farms
2026-09-01,ethereum,USDS-SPK,1,607.1685969663423,farms
2026-09-01,ethereum,USDS-SPK,128,91277.56749425246,farms
2026-09-01,ethereum,USDS-SPK,224,971.5159058165159,farms
2026-09-01,ethereum,USDS-SPK,1002,0.0004926595392040767,farms
2026-09-01,ethereum,sUSDC,0,6.736668768760555,susds_susdc
2026-09-01,ethereum,sUSDC,127,58.04102059813698,susds_susdc
2026-09-01,ethereum,sUSDC,128,9249.892863651989,susds_susdc
2026-09-01,ethereum,sUSDC,186,140.60969663599198,susds_susdc
2026-09-01,ethereum,sUSDC,188,141.06999548549786,susds_susdc
2026-09-01,ethereum,sUSDC,190,0.0021874825610271047,susds_susdc
2026-09-01,ethereum,sUSDC,191,784.9017044666695,susds_susdc
2026-09-01,ethereum,sUSDC,192,21727.696781352253,susds_susdc
2026-09-01,ethereum,sUSDC,194,0.12454360496169191,susds_susdc
2026-09-01,ethereum,sUSDC,195,537.2134048933176,susds_susdc
2026-09-01,ethereum,sUSDC,204,0.0001653385987006572,susds_susdc
2026-09-01,ethereum,sUSDC,216,163.5189749737519,susds_susdc
2026-09-01,ethereum,sUSDC,1017,2.3945642264047957,susds_susdc
2026-09-01,ethereum,sUSDS,0,1200.065689111334,susds_susdc
2026-09-01,ethereum,sUSDS,1,28103.376576938874,susds_susdc
2026-09-01,ethereum,sUSDS,99,253442.13422009748,susds_susdc
2026-09-01,ethereum,sUSDS,100,0.00044860818393017255,susds_susdc
2026-09-01,ethereum,sUSDS,123,0.000745927033089702,susds_susdc
2026-09-01,ethereum,sUSDS,128,353187.15710732184,susds_susdc
2026-09-01,ethereum,sUSDS,183,4698.682324473433,susds_susdc
2026-09-01,ethereum,sUSDS,186,6.7962828003864e-05,susds_susdc
2026-09-01,ethereum,sUSDS,188,193.9234899246299,susds_susdc
2026-09-01,ethereum,sUSDS,200,4160.411721010609,susds_susdc
2026-09-01,ethereum,sUSDS,204,0.00020835101797637387,susds_susdc
2026-09-01,ethereum,sUSDS,224,740.6979734773091,susds_susdc
2026-09-01,ethereum,sUSDS,232,1223.4795773610733,susds_susdc
2026-09-01,ethereum,sUSDS,303,0.0007254239420693368,susds_susdc
2026-09-01,ethereum,sUSDS,1001,263.1519542755604,susds_susdc
2026-09-01,ethereum,sUSDS,1002,12981.030410641966,susds_susdc
2026-09-01,ethereum,sUSDS,1003,9022.405261996502,susds_susdc
2026-09-01,ethereum,sUSDS,1004,178.30297024044916,susds_susdc
2026-09-01,ethereum,sUSDS,1015,5.2750728459791025e-06,susds_susdc
2026-09-01,ethereum,sUSDS,1020,65.38803387217345,susds_susdc
2026-09-01,ethereum,sUSDS,1997,15124.246928232678,skybase_pendle
2026-09-01,ethereum,sUSDS,2000,1.6670010016564486e-06,susds_susdc
2026-09-01,ethereum,sUSDS,2001,49.81464240699203,susds_susdc
2026-09-01,ethereum,sUSDS,2002,1.4016098731758654e-09,susds_susdc
2026-09-01,ethereum,sUSDS,2005,3004.454913414674,susds_susdc
2026-09-01,ethereum,sUSDS,2008,9434.319546007078,susds_susdc
2026-09-01,ethereum,sUSDS,2012,3002.6782713274233,susds_susdc
2026-09-01,ethereum,sUSDS,2222,4.1942951862610793e-13,susds_susdc
2026-09-01,ethereum,sUSDS,3000,640.0519667816967,susds_susdc
2026-09-01,ethereum,sUSDS,3002,0.0007841352615578272,susds_susdc
2026-09-01,ethereum,sUSDS,3003,6.414176501492747e-07,susds_susdc
2026-09-01,ethereum,sUSDS,3006,0.9440431669518431,susds_susdc
2026-09-01,ethereum,sUSDS,3007,0.357417911670662,susds_susdc
2026-09-01,ethereum,sUSDS,3008,30.603204506633357,susds_susdc
2026-09-01,ethereum,sUSDS,3009,112.36900000298262,susds_susdc
2026-09-01,ethereum,sUSDS,3900,0.0004927786486202408,susds_susdc
2026-09-01,ethereum,sUSDS,4011,12.307465499744257,susds_susdc
2026-09-01,ethereum,sUSDS,13425,6.633334662574193e-05,susds_susdc
2026-09-01,ethereum,spETH,-999999,0.0,sp
2026-09-01,ethereum,spETH,128,0.0,sp
2026-09-01,ethereum,spETH,186,0.0,sp
2026-09-01,ethereum,spETH,202,0.0,sp
2026-09-01,ethereum,spETH,204,0.0,sp
2026-09-01,ethereum,spETH,214,0.0,sp
2026-09-01,ethereum,spETH,1017,0.0,sp
2026-09-01,ethereum,spPYUSD,128,12.203700913001057,sp
2026-09-01,ethereum,spPYUSD,132,0.0008072151195572016,sp
2026-09-01,ethereum,spUSDC,0,5.803928837474438,sp
2026-09-01,ethereum,spUSDC,128,44224.17237216192,sp
2026-09-01,ethereum,spUSDC,131,3742.929581846436,sp
2026-09-01,ethereum,spUSDC,184,7.324149319836892e-07,sp
2026-09-01,ethereum,spUSDC,186,696.0925193800886,sp
2026-09-01,ethereum,spUSDC,190,304.68848810406314,sp
2026-09-01,ethereum,spUSDC,198,0.00018786044351484045,sp
2026-09-01,ethereum,spUSDC,200,57.34446258375079,sp
2026-09-01,ethereum,spUSDC,202,10.934510786598262,sp
2026-09-01,ethereum,spUSDC,204,6.423755291881661e-05,sp
2026-09-01,ethereum,spUSDC,205,0.2052367977659873,sp
2026-09-01,ethereum,spUSDC,214,50.18017646588958,sp
2026-09-01,ethereum,spUSDC,217,64.09888443873234,sp
2026-09-01,ethereum,spUSDC,223,0.0007326512248877389,sp
2026-09-01,ethereum,spUSDC,232,3.1644212455615706,sp
2026-09-01,ethereum,spUSDC,234,0.5493876014981194,sp
2026-09-01,ethereum,spUSDC,1017,0.04341055314862358,sp
2026-09-01,ethereum,spUSDC,4012,0.00016010698100472762,sp
2026-09-01,ethereum,spUSDT,0,4.637596687967134e-10,sp
2026-09-01,ethereum,spUSDT,128,37125.03414837318,sp
2026-09-01,ethereum,spUSDT,130,3174.1449203989578,sp
2026-09-01,ethereum,spUSDT,186,98.65727467712367,sp
2026-09-01,ethereum,spUSDT,188,4535.921177869957,sp
2026-09-01,ethereum,spUSDT,190,34.81395570151222,sp
2026-09-01,ethereum,spUSDT,191,17677.21276475035,sp
2026-09-01,ethereum,spUSDT,198,0.0007374933598598109,sp
2026-09-01,ethereum,spUSDT,200,57.730397787202826,sp
2026-09-01,ethereum,spUSDT,202,21.279956494048477,sp
2026-09-01,ethereum,spUSDT,214,4.934652297089788,sp
2026-09-01,ethereum,spUSDT,217,209.34760430863437,sp
2026-09-01,ethereum,spUSDT,223,0.00016551913920412082,sp
2026-09-01,ethereum,spUSDT,232,35.38457699200007,sp
2026-09-01,ethereum,spUSDT,999,0.0001651337089863578,sp
2026-09-01,ethereum,stUSDS,-999999,2189.430032591092,stusds
2026-09-01,ethereum,stUSDS,0,0.004931849887224932,stusds
2026-09-01,ethereum,stUSDS,1,2676.3444712148735,stusds
2026-09-01,ethereum,stUSDS,197,11725.986196412585,stusds
2026-09-01,ethereum,stUSDS,2002,0.00013835278602454028,stusds
2026-09-01,ethereum,stUSDS,3007,3.70789714631696e-07,stusds
2026-09-01,optimism,sUSDC,0,9.642219340028473e-05,susds_susdc
2026-09-01,optimism,sUSDC,127,14.038616524218972,susds_susdc
2026-09-01,optimism,sUSDC,128,502.4891860902504,susds_susdc
2026-09-01,optimism,sUSDC,200,1.6588457564153858e-05,susds_susdc
2026-09-01,optimism,sUSDC,204,0.022563294296090695,susds_susdc
2026-09-01,optimism,sUSDC,1017,0.005497572865977811,susds_susdc
2026-09-01,optimism,sUSDC,3006,0.0020444063653958697,susds_susdc
2026-09-01,optimism,sUSDS,1,59.10024560415386,psm3
2026-09-01,optimism,sUSDS,99,158.178626267687,psm3
2026-09-01,optimism,sUSDS,128,108.39621665049015,psm3
2026-09-01,optimism,sUSDS,3000,0.027614100893546902,psm3
2026-09-01,optimism,sUSDS,3001,0.0009065134821976337,psm3
2026-09-01,optimism,sUSDS,10000,0.0038197723486354525,psm3
2026-09-01,optimism,sUSDS,10001,516.558020898702,psm3
2026-09-01,unichain,sUSDC,0,5.3886916882598544e-05,susds_susdc
2026-09-01,unichain,sUSDC,127,2.8901251447240384,susds_susdc
2026-09-01,unichain,sUSDC,128,22.864837637873443,susds_susdc
2026-09-01,unichain,sUSDC,1017,0.00015449152873895803,susds_susdc
2026-09-01,unichain,sUSDS,1,0.22428136834544815,psm3
2026-09-01,unichain,sUSDS,99,0.8240247096218011,psm3
2026-09-01,unichain,sUSDS,128,0.39085550508545247,psm3
2026-09-01,unichain,sUSDS,3000,0.017315915717243068,psm3
2026-09-01,unichain,sUSDS,10000,0.00013671895413861233,psm3
2026-09-01,unichain,sUSDS,10001,25.75517116099514,psm3
